gaze_az_deg,gaze_el_deg,median_abs_delta_po_deg,p90_abs_delta_po_deg,fraction_abs_delta_po_gt_threshold,median_signed_delta_po_deg,median_circular_variance_change,median_tuning_strength_change,median_abs_tuning_strength_change,population_response_correlation,median_per_neuron_response_change,median_relative_response_change,fraction_large_response_change,rdm_similarity_to_baseline,image_discriminability,shifted_image_discriminability,condition,summary_radius
0.0,0.0,0.0,0.0,0.0,0.0,0.0,0.0,0.0,1.0,0.0,0.0,0.0,1.0,0.9645812799327296,0.9645812799327296,gaze_only_perfect_noiseless,0.0
1.0,0.0,1.5876147075202454,13.187187380427934,0.13125,0.35286881590760544,0.0004887074850489781,-0.0004887074850489781,0.02128964562330876,0.9451838277663748,2.449917727917012,0.4017645430521676,0.34375,0.9819136000531578,0.9645812799327296,0.9681553932273216,gaze_only_perfect_noiseless,1.0
2.0,0.0,3.922635871026266,24.25542679138264,0.26875,0.38667934977588914,-0.0041801240715083066,0.0041801240715083066,0.02951607086037511,0.8145348392334277,4.6025780579866105,0.7449646388135431,0.70625,0.9391685563085599,0.9645812799327296,0.9587472029810361,gaze_only_perfect_noiseless,2.0
3.0,0.0,5.0657664262267375,26.877367298305277,0.3625,0.7202952034392354,-0.007679695429053723,0.007679695429053723,0.0390219663782822,0.6493284423009784,5.991649600521879,0.9406097948331982,0.825,0.9215199700036502,0.9645812799327296,0.9539407836725909,gaze_only_perfect_noiseless,3.0
4.0,0.0,7.113107562383981,35.59510571897183,0.39375,0.6387069610668448,-0.003045389349989769,0.003045389349989769,0.04722767177635512,0.47747282329504837,7.08119005321602,1.0566374430580878,0.8875,0.9343482952582011,0.9645812799327296,0.9692792244482263,gaze_only_perfect_noiseless,4.0
5.0,0.0,8.944806649728662,38.35973890722551,0.4625,0.18624091856295877,-0.006930597193165522,0.006930597193165522,0.06836470513197501,0.32672687627895464,7.91140153965428,1.076908054476966,0.9375,0.9366211066316549,0.9645812799327296,0.9855385221001571,gaze_only_perfect_noiseless,5.0
0.0,1.0,2.198990731206237,8.844298455444394,0.08125,-0.10099611378245754,0.000783075485487339,-0.000783075485487339,0.018572847418583893,0.9198416135355594,2.594662045540093,0.3956847779666253,0.375,0.9832516359358358,0.9645812799327296,0.9658513954785587,gaze_only_perfect_noiseless,1.0
1.0,1.0,2.40090886017051,16.142435860991366,0.175,0.2504255373841744,0.0030529137004272067,-0.0030529137004272067,0.024974148180174904,0.8837816683762976,3.3554546461315145,0.527439483174442,0.51875,0.9542711380163234,0.9645812799327296,0.9739907670349075,gaze_only_perfect_noiseless,2.0
2.0,1.0,3.845697440126081,21.988166675168213,0.2625,0.6919431934687381,0.0008813982628952943,-0.0008813982628952943,0.03289878526795992,0.7677470070660083,5.088783805017426,0.8203181579288293,0.7625,0.9075070387321228,0.9645812799327296,0.9751861574002895,gaze_only_perfect_noiseless,3.0
3.0,1.0,5.60151957643717,34.882424663794986,0.35,0.660115746350769,-0.004387023675181567,0.004387023675181567,0.046405981634162374,0.6070788994592056,6.239727658536899,0.971030091307004,0.86875,0.896121656045862,0.9645812799327296,0.9721187056576875,gaze_only_perfect_noiseless,4.0
4.0,1.0,6.8316206293956725,37.23012790213672,0.4,0.3390393935062832,-0.009207304059898613,0.009207304059898613,0.06157423009990637,0.43912548114433886,7.2569669040674025,1.0344308455732742,0.89375,0.927492194776247,0.9645812799327296,0.9787883432167935,gaze_only_perfect_noiseless,5.0
5.0,1.0,9.399116784715275,38.7647661877232,0.4875,1.8567173175692488,-0.007056838610822236,0.007056838610822236,0.0755412842160646,0.2885864041528723,7.957122708187944,1.084037024886236,0.9375,0.9297212978508781,0.9645812799327296,0.9821951716362683,gaze_only_perfect_noiseless,6.0
0.0,2.0,4.125306141564131,23.462419405273568,0.20625,0.16650475351086413,0.007230770115159657,-0.007230770115159657,0.038287798898391845,0.7243612359510697,4.7834176442972725,0.7566618597052472,0.725,0.9162090643926034,0.9645812799327296,0.9712630136844099,gaze_only_perfect_noiseless,2.0
1.0,2.0,3.564725706024973,24.09165167896136,0.2375,-0.1072449136124618,0.001849111501367573,-0.001849111501367573,0.03621039143865934,0.720565708249474,4.354572147728076,0.7087080593525729,0.7,0.8879264036762196,0.9645812799327296,0.9809206512678443,gaze_only_perfect_noiseless,3.0
2.0,2.0,4.313716587220277,29.42548453982197,0.3,0.5838884403016422,-0.00039631354916447314,0.00039631354916447314,0.042792254239476246,0.6351312116801819,5.335928993060142,0.872220647643221,0.79375,0.8659360821385742,0.9645812799327296,0.9756650484349839,gaze_only_perfect_noiseless,4.0
3.0,2.0,6.160964869438857,31.865907246192275,0.36875,1.017972472113371,-0.0051848374487361015,0.0051848374487361015,0.052928310245838606,0.4976905903169072,6.360729907161998,0.9962989511137924,0.85,0.8707652764496385,0.9645812799327296,0.9704570545375603,gaze_only_perfect_noiseless,5.0
4.0,2.0,8.201892425804445,34.40759806415569,0.43125,1.2347286231502466,-0.0027440588964458557,0.0027440588964458557,0.0732108514154371,0.34747901162826034,7.28666054297158,1.038201847271717,0.9,0.9077010359779804,0.9645812799327296,0.9763948510992643,gaze_only_perfect_noiseless,6.0
5.0,2.0,10.733535576084961,38.904666653450064,0.51875,2.0346118674374623,-0.00800438866440445,0.00800438866440445,0.07898840870878548,0.2146420035284668,7.465038812695104,1.1142430110291197,0.9375,0.902707018191539,0.9645812799327296,0.9805722467313405,gaze_only_perfect_noiseless,7.0
0.0,3.0,5.1013773368148065,29.181521248870208,0.33125,0.43809621965252177,0.0015813259583800643,-0.0015813259583800643,0.050789209154110726,0.5033670453261844,6.090005712604643,0.9842417437908606,0.8625,0.8586859981311902,0.9645812799327296,0.9835984248253122,gaze_only_perfect_noiseless,3.0
1.0,3.0,5.256798339728803,35.057799592598904,0.30625,-0.26169745667029076,0.004966600290318701,-0.004966600290318701,0.04824577924873702,0.5260568450140325,5.799338575191809,0.9558167414870995,0.8375,0.8483631784709121,0.9645812799327296,0.9955399082809698,gaze_only_perfect_noiseless,4.0
2.0,3.0,5.743489833336724,28.12747651945638,0.3375,0.9575934754178519,-0.0011486274253449946,0.0011486274253449946,0.058365886111473586,0.4718979967927513,6.55004797419133,0.998631137132231,0.8375,0.8154263524159896,0.9645812799327296,0.9880132008689205,gaze_only_perfect_noiseless,5.0
3.0,3.0,6.601546633021115,30.155853862974237,0.3625,0.6661478214661543,-0.0005842986828082375,0.0005842986828082375,0.07057410353717042,0.3630544796582672,7.0176144237464255,1.004869483713254,0.90625,0.8130840134090283,0.9645812799327296,0.974654317546152,gaze_only_perfect_noiseless,6.0
4.0,3.0,8.116520978230525,35.180646243084794,0.45625,1.659047755903046,0.0038418705120008,-0.0038418705120008,0.0620543572676846,0.23756041585835597,7.233634643518853,1.0286575482528724,0.9375,0.8487630065950069,0.9645812799327296,0.9778628849647628,gaze_only_perfect_noiseless,7.0
5.0,3.0,9.385655066151706,33.28251099416913,0.475,1.4513485979149863,0.0020573759364703736,-0.0020573759364703736,0.07525685128750859,0.12940769329125332,7.42181580322317,1.0585690276319344,0.95625,0.8431167941622848,0.9645812799327296,0.9835881638099012,gaze_only_perfect_noiseless,8.0
0.0,4.0,7.01574109029832,31.419668302208603,0.39375,0.21589113658956904,0.0012695999827728732,-0.0012695999827728732,0.06236588702929907,0.3282682378279911,7.6828554184498,1.0700544489946642,0.94375,0.8042899096173552,0.9645812799327296,1.0010609588902353,gaze_only_perfect_noiseless,4.0
1.0,4.0,6.696152886892321,35.68078024297893,0.38125,0.1573347028515144,0.006563933061331906,-0.006563933061331906,0.05829650946363024,0.3559798729654339,7.167568402998454,1.0403469126817628,0.89375,0.8195729205118114,0.9645812799327296,1.0043814039340422,gaze_only_perfect_noiseless,5.0
2.0,4.0,7.026471553390891,31.04205960732378,0.38125,0.9294560659684379,0.007278367913615913,-0.007278367913615913,0.05664111941463057,0.3200121891862793,7.240257579612642,1.0206240015056882,0.91875,0.792077999999383,0.9645812799327296,0.9979199598675923,gaze_only_perfect_noiseless,6.0
3.0,4.0,8.156544529258554,33.54149367247341,0.4,1.362254237931893,0.004043490981208819,-0.004043490981208819,0.06662365402104958,0.234637927094241,7.318817131327805,1.03808477763405,0.94375,0.7295972280693062,0.9645812799327296,0.976265517214156,gaze_only_perfect_noiseless,7.0
4.0,4.0,7.772447964070295,34.44147106938363,0.4375,1.2178453095258703,0.001738092906220734,-0.001738092906220734,0.061180158833704146,0.133033654997757,7.443964563718023,1.0353582316241905,0.9625,0.6802338696019521,0.9645812799327296,0.9676678659512735,gaze_only_perfect_noiseless,8.0
5.0,4.0,9.152253198911218,36.56526303635266,0.45625,1.7719157095985807,0.0019479283950988857,-0.0019479283950988857,0.0778539903470023,0.048379904991370314,7.735140890510312,1.0436025496691865,0.9625,0.663771553153531,0.9645812799327296,0.9754518967640377,gaze_only_perfect_noiseless,9.0
0.0,5.0,7.033825621792801,31.45421507792031,0.3875,-0.007151569549854742,-0.0002387471710190714,0.0002387471710190714,0.05558066029704872,0.20576506943414843,8.604647235918378,1.1246761842536306,0.9875,0.6864293324954961,0.9645812799327296,1.005722725294733,gaze_only_perfect_noiseless,5.0
1.0,5.0,8.172697224055206,32.66329287936781,0.41875,0.21093020748004676,0.009733347893544742,-0.009733347893544742,0.06131997359415631,0.2267222612622878,8.245477561697532,1.1223274409959922,0.95625,0.6822656687471101,0.9645812799327296,1.0024040492164858,gaze_only_perfect_noiseless,6.0
2.0,5.0,8.207125945861236,35.36945056285571,0.45625,0.3416106272426518,0.011145124787533323,-0.011145124787533323,0.08289193420358243,0.20558699850331075,8.038831323191559,1.086121939936979,0.9625,0.6615606247156101,0.9645812799327296,0.9953130020906175,gaze_only_perfect_noiseless,7.0
3.0,5.0,9.619447941389382,36.45559113389148,0.475,0.2175544247059804,0.013321691523013657,-0.013321691523013657,0.07603009485867995,0.13887510515565663,8.185470432821543,1.0723082807598776,0.975,0.5899746954104527,0.9645812799327296,0.9737905427366336,gaze_only_perfect_noiseless,8.0
4.0,5.0,9.601051078684328,37.59813906680219,0.4875,1.0872236915338291,0.0065414633228244035,-0.0065414633228244035,0.07013488118083955,0.056154871892110624,8.20209593188098,1.0313870384041457,0.975,0.48239079641588106,0.9645812799327296,0.9583541104349773,gaze_only_perfect_noiseless,9.0
5.0,5.0,9.486045611394601,37.27510808502709,0.48125,2.2913456275408777,0.006685732644729825,-0.006685732644729825,0.07828901332427424,-0.009475904583279389,7.833354265549205,1.060669888606224,0.975,0.4107391474178852,0.9645812799327296,0.971429542687612,gaze_only_perfect_noiseless,10.0
0.0,0.0,0.0,0.0,0.0,0.0,0.0,0.0,0.0,1.0,0.0,0.0,0.0,1.0,0.9645812799327296,0.9645812799327296,gaze_plus_mapping_error_noiseless,0.0
1.0,0.0,1.6801664697551075,13.524672285732487,0.14375,0.4506748736652071,-0.0006805117442104658,0.0006805117442104658,0.022438238643632924,0.9416355139800705,2.5244000609603754,0.4126389220148968,0.3625,0.9803508462895655,0.9645812799327296,0.9683072036744443,gaze_plus_mapping_error_noiseless,1.0
2.0,0.0,3.822814194754315,23.18954337650884,0.275,0.6379426624184248,-0.004577460608633899,0.004577460608633899,0.027881121643541174,0.8025015252911464,4.672407946681448,0.7612192946647208,0.71875,0.9354491905136256,0.9645812799327296,0.958711973702337,gaze_plus_mapping_error_noiseless,2.0
3.0,0.0,5.633300030137676,27.163292250471926,0.3375,0.6207915701707662,-0.00501095972347837,0.00501095972347837,0.04708764825317657,0.625495432406567,6.152574873209682,0.9509249854912807,0.825,0.9224085936369771,0.9645812799327296,0.9565917140003097,gaze_plus_mapping_error_noiseless,3.0
4.0,0.0,7.579500790063122,37.00840831646458,0.41875,0.41980615993284687,-0.003936446199071575,0.003936446199071575,0.053731586196227255,0.44385624379877797,7.259665474619533,1.0529116464148096,0.89375,0.9370283514766183,0.9645812799327296,0.9737376566165212,gaze_plus_mapping_error_noiseless,4.0
5.0,0.0,9.591869930240037,37.14254033942522,0.4875,0.2604702151313347,-0.018174855437060433,0.018174855437060433,0.08095267986565735,0.29115994243202303,7.872630660665479,1.0583697976438744,0.94375,0.9271473683633753,0.9645812799327296,0.989130873763443,gaze_plus_mapping_error_noiseless,5.0
0.0,1.0,2.398536612745957,7.831199761216313,0.08125,-0.13581437197072432,0.0003085728495261786,-0.0003085728495261786,0.017090512350300346,0.923903749411529,2.512606043077872,0.3842833823355248,0.36875,0.9844679526420212,0.9645812799327296,0.9657618033933438,gaze_plus_mapping_error_noiseless,1.0
1.0,1.0,2.563566024715243,14.781204100703851,0.175,0.2078123435781123,0.004006547263939231,-0.004006547263939231,0.025757731591035615,0.8833718789438928,3.411099305578561,0.5319166556519443,0.51875,0.9537855225843758,0.9645812799327296,0.974074293629928,gaze_plus_mapping_error_noiseless,2.0
2.0,1.0,4.2183391751040205,23.085641137659486,0.2625,0.7467467021836853,6.1158961968788e-05,-6.1158961968788e-05,0.04016165265826954,0.7574600830608108,5.1667409804068845,0.8370936158583566,0.775,0.9049121641528618,0.9645812799327296,0.9747956004440079,gaze_plus_mapping_error_noiseless,3.0
3.0,1.0,6.073689373597546,34.4913295444393,0.35,0.5891016758406238,-0.007974011069024123,0.007974011069024123,0.050764872222390456,0.5840401771059022,6.331434997767168,0.9813924901051863,0.86875,0.8985345806004912,0.9645812799327296,0.9724284286078214,gaze_plus_mapping_error_noiseless,4.0
4.0,1.0,7.7912764812301845,36.66100517024887,0.425,0.5002308139986766,-0.004812129245297503,0.004812129245297503,0.06720324272426981,0.4041544790540744,7.416691770338371,1.0440968442933865,0.925,0.9310782419460422,0.9645812799327296,0.9803102565990571,gaze_plus_mapping_error_noiseless,5.0
5.0,1.0,10.340676813661105,36.937481701784115,0.5125,1.7190689833529404,-0.01322010637379556,0.01322010637379556,0.08001950814870545,0.253529255524013,7.997510455787971,1.0930744584196308,0.9375,0.913992942372386,0.9645812799327296,0.9806627011562395,gaze_plus_mapping_error_noiseless,6.0
0.0,2.0,3.8252885970368595,17.186867252232435,0.20625,0.2910958576851783,0.003955495662903985,-0.003955495662903985,0.03613532906404815,0.7353298693374182,4.698779454288553,0.7559830206141633,0.7125,0.9214161540389983,0.9645812799327296,0.9706386820796853,gaze_plus_mapping_error_noiseless,2.0
1.0,2.0,3.3165341623340225,23.759768437463293,0.2375,0.020353392083080735,-3.0543877824085186e-05,3.0543877824085186e-05,0.037404484817000705,0.72696430078823,4.297370799798473,0.6901319221242759,0.7,0.8903194294962732,0.9645812799327296,0.9805937105653799,gaze_plus_mapping_error_noiseless,3.0
2.0,2.0,4.266054175897423,27.668826036079466,0.3,0.717034347045086,-0.0016444778874631916,0.0016444778874631916,0.048129876690804874,0.6310189725458749,5.438154887965112,0.875485665820015,0.8,0.8662714104550782,0.9645812799327296,0.9751529506591156,gaze_plus_mapping_error_noiseless,4.0
3.0,2.0,6.433013206733165,34.76167119679858,0.3875,0.8379886262098353,-0.007201681711605679,0.007201681711605679,0.0587674800051281,0.4800693828109363,6.4796889061272545,0.9991222843102321,0.85,0.8736676207297881,0.9645812799327296,0.9705822584968054,gaze_plus_mapping_error_noiseless,5.0
4.0,2.0,7.761448782306545,36.46573431196075,0.4125,1.6739725945167123,-0.001838716732246004,0.001838716732246004,0.07289125597370422,0.3169458601336261,7.356173360246627,1.0612233540642861,0.9125,0.9122497423942019,0.9645812799327296,0.978230503350752,gaze_plus_mapping_error_noiseless,6.0
5.0,2.0,10.434120406677835,33.960151186536685,0.50625,1.4820291458595705,-0.008657418724988042,0.008657418724988042,0.0710443491311854,0.18385915300966468,7.459532601103566,1.0964417791324839,0.925,0.8803765332182618,0.9645812799327296,0.9791409900500925,gaze_plus_mapping_error_noiseless,7.0
0.0,3.0,4.83480058114489,27.890801533763096,0.3,0.2370186788184796,0.0039086350035058,-0.0039086350035058,0.05098731774141091,0.5165550656803116,6.01042832970435,0.9883050508931167,0.8625,0.8607954282887113,0.9645812799327296,0.981880286173914,gaze_plus_mapping_error_noiseless,3.0
1.0,3.0,4.623712729984447,35.004850676693586,0.325,0.15624777667920853,0.0013381283269153776,-0.0013381283269153776,0.04476460118779668,0.5368429688308266,5.793916036387715,0.9471629279164142,0.83125,0.8492763348550673,0.9645812799327296,0.9947461036920987,gaze_plus_mapping_error_noiseless,4.0
2.0,3.0,5.5843645689999235,28.69859858958908,0.3375,0.9081733851003833,0.0007715045365671025,-0.0007715045365671025,0.06351700632796686,0.4731660121283021,6.592806374821926,0.9930879874650422,0.84375,0.8155979465738817,0.9645812799327296,0.9868553130063508,gaze_plus_mapping_error_noiseless,5.0
3.0,3.0,7.105208306515976,28.363526196756677,0.375,0.7471478951651562,0.00033737533386002383,-0.00033737533386002383,0.07469513095233138,0.3505100255211552,7.073863560370524,1.0095132737591554,0.90625,0.8155770729586564,0.9645812799327296,0.974077592964437,gaze_plus_mapping_error_noiseless,6.0
4.0,3.0,9.197833090211816,33.02574120419509,0.45625,1.6393402103865924,0.002530973115499935,-0.002530973115499935,0.06815929227369999,0.21276709871855512,7.34067893091829,1.0460643442953472,0.9375,0.8498660602797039,0.9645812799327296,0.9798183305030372,gaze_plus_mapping_error_noiseless,7.0
5.0,3.0,9.10684532922734,32.206966510299345,0.4625,1.7469999524197846,-0.002417744505004482,0.002417744505004482,0.08023475740483493,0.10204740756576042,7.504337739802972,1.035370067059731,0.95625,0.8185279138833564,0.9645812799327296,0.9819682756569869,gaze_plus_mapping_error_noiseless,8.0
0.0,4.0,6.253207118751547,31.243088745638193,0.3625,0.6299955677282156,0.0015981647234653007,-0.0015981647234653007,0.061829093742786057,0.3389316365792019,7.490002383286944,1.0668320045097008,0.9375,0.8073697678917344,0.9645812799327296,0.9997848593221664,gaze_plus_mapping_error_noiseless,4.0
1.0,4.0,6.631961853070962,33.756958217872445,0.3625,0.2932812561272726,0.0070686429099692805,-0.0070686429099692805,0.05711682468246221,0.366386476420186,7.050836814091719,1.035382214711067,0.89375,0.8244979495435424,0.9645812799327296,1.0040649450350474,gaze_plus_mapping_error_noiseless,5.0
2.0,4.0,6.920890588532728,30.52123710312131,0.35625,0.336438206877375,0.0036352058046456026,-0.0036352058046456026,0.059837064766275594,0.3226511156079679,7.321734535647081,1.0201344695331331,0.9125,0.7916409959447241,0.9645812799327296,0.9971995534180973,gaze_plus_mapping_error_noiseless,6.0
3.0,4.0,7.627502745732357,31.853037995068444,0.40625,1.8136807653923839,0.006257457011769163,-0.006257457011769163,0.07131052297648938,0.22475270418745336,7.317309597432516,1.0358328600734665,0.95,0.7236690510891148,0.9645812799327296,0.9741238341992348,gaze_plus_mapping_error_noiseless,7.0
4.0,4.0,8.546934691863413,32.08335676454263,0.4125,1.847212709556203,0.0016463839481333786,-0.0016463839481333786,0.06713636774352133,0.11218900579885549,7.412904480199478,1.032942495097619,0.95625,0.6669370223980942,0.9645812799327296,0.9683295501548848,gaze_plus_mapping_error_noiseless,8.0
5.0,4.0,9.07141220009433,34.324111334276004,0.46875,2.0596608053924683,-0.00031312123945836934,0.00031312123945836934,0.07615386637660754,0.025542056451924686,7.665976962026884,1.0371588017504982,0.9625,0.6385239715619773,0.9645812799327296,0.9742830273207168,gaze_plus_mapping_error_noiseless,9.0
0.0,5.0,6.951295518960251,30.997216667977842,0.36875,0.3850615477739723,-0.003819207282217074,0.003819207282217074,0.06455186821060338,0.21217341443488474,8.596594188870426,1.1211666501975395,0.99375,0.6933843512173884,0.9645812799327296,1.0057736317159842,gaze_plus_mapping_error_noiseless,5.0
1.0,5.0,7.407452560027082,33.17717543407588,0.425,0.048884260216723874,0.012578691865220426,-0.012578691865220426,0.06797855971817501,0.23309928948534575,8.153901295950394,1.1251128624622555,0.95625,0.690824354497596,0.9645812799327296,1.0030385978875784,gaze_plus_mapping_error_noiseless,6.0
2.0,5.0,8.498005389338275,36.44052878939676,0.45,0.6020178292523894,0.009774056849234047,-0.009774056849234047,0.07860425562888024,0.20595037706527036,8.011505277376282,1.077080418573014,0.9625,0.6635870177970535,0.9645812799327296,0.9950412748144128,gaze_plus_mapping_error_noiseless,7.0
3.0,5.0,8.744472953575467,34.531460391832866,0.4625,1.1577596362733757,0.00947345494122176,-0.00947345494122176,0.07011755915711704,0.12994685068620004,8.259083888250705,1.0577837453769017,0.96875,0.5798515627732068,0.9645812799327296,0.9710120350521487,gaze_plus_mapping_error_noiseless,8.0
4.0,5.0,8.842788842778447,34.508846202910036,0.45625,1.2083885203153955,-0.002144200765056725,0.002144200765056725,0.07605859630686185,0.0395923947813338,8.06899555568298,1.021971564767474,0.98125,0.450058885718438,0.9645812799327296,0.9581928667308983,gaze_plus_mapping_error_noiseless,9.0
5.0,5.0,9.722081489855697,35.255104966856436,0.49375,1.2645365242892694,0.0056122602137057,-0.0056122602137057,0.07968298333450324,-0.025540011311347508,7.5955715808609146,1.049323446605326,0.98125,0.40314765179898615,0.9645812799327296,0.9759220107690446,gaze_plus_mapping_error_noiseless,10.0
0.0,0.0,3.682794714480629,16.112382544280454,0.20625,0.26055912514639346,0.0006927070034819516,-0.0006927070034819099,0.06263319602426798,0.9999510441122359,0.08770824500538488,0.013135486876625045,0.00625,0.9999880436105607,0.9645923555925897,0.9646037782362722,gaze_plus_noise_perfect,0.0
1.0,0.0,4.328891426769829,24.87282018805288,0.21875,0.2881559934158844,-0.01238391269150474,0.01238391269150474,0.07669319687168114,0.9450783531778396,2.440582147164826,0.4040823706126224,0.35,0.9817052797406912,0.9645923555925897,0.9680556088728435,gaze_plus_noise_perfect,1.0
2.0,0.0,5.6887313971704145,25.720458373411013,0.35625,0.5239599130088379,0.014388461697382782,-0.014388461697382782,0.07922170957714689,0.8145825353835119,4.584344275450618,0.7351886156662835,0.70625,0.9386082856027497,0.9645923555925897,0.9588304335201931,gaze_plus_noise_perfect,2.0
3.0,0.0,7.029330515127782,30.387863447645277,0.38125,1.0895566944098078,-0.011702693789069463,0.011702693789069463,0.08166584061587379,0.649175559130179,5.959253490513539,0.937174695598708,0.83125,0.9211260920733472,0.9645923555925897,0.9533996861869074,gaze_plus_noise_perfect,3.0
4.0,0.0,8.015859248251644,31.416657172227087,0.44375,1.8730434680955028,-0.02531205014090976,0.02531205014090976,0.09213919312365065,0.4775326741031722,7.063377388194189,1.0463460480172253,0.8875,0.933971779961836,0.9645923555925897,0.9694751174288039,gaze_plus_noise_perfect,4.0
5.0,0.0,8.925348001492083,38.948009780027384,0.45,0.21229553693930114,-0.006579614510468679,0.006579614510468679,0.09982703148762839,0.3266445105190134,7.908869896895118,1.074887164465621,0.9375,0.9373678113267341,0.9645923555925897,0.9857319454965058,gaze_plus_noise_perfect,5.0
0.0,1.0,4.684750782333246,29.42251724970855,0.25625,0.7779129566187493,-0.007812952574697274,0.007812952574697274,0.06777355464525853,0.9198494481614555,2.588923167796824,0.3981406670348923,0.375,0.9833376633029824,0.9645923555925897,0.9658214233504436,gaze_plus_noise_perfect,1.0
1.0,1.0,4.274361997367706,19.080624060346793,0.24375,0.26495265580444993,0.01122864803501794,-0.01122864803501794,0.07579710377270782,0.883752976290731,3.3289730277973426,0.5326134387888093,0.51875,0.9542150411846408,0.9645923555925897,0.9735343596828959,gaze_plus_noise_perfect,2.0
2.0,1.0,4.46810151270752,27.12975586701088,0.34375,1.0828707177517174,-0.0016118594943630993,0.0016118594943630993,0.07595364678630138,0.7677209651046253,5.0985769167452135,0.8147578760113013,0.75625,0.906608622148199,0.9645923555925897,0.9744492193184092,gaze_plus_noise_perfect,3.0
3.0,1.0,6.944875942502861,30.94390125553412,0.39375,1.2424092011223493,-0.005396886093109954,0.005396886093109954,0.07908973008939732,0.6070287707932961,6.261521906641052,0.9707718262358611,0.8625,0.896076694919376,0.9645923555925897,0.9719276231143107,gaze_plus_noise_perfect,4.0
4.0,1.0,8.479287954900421,32.909972392103526,0.44375,0.4406053169523858,-0.0070705092961471094,0.0070705092961471094,0.0863575840518119,0.4391086572433341,7.281453216052821,1.032228919224452,0.89375,0.9276646493823207,0.9645923555925897,0.9785845482994865,gaze_plus_noise_perfect,5.0
5.0,1.0,10.216628206772086,34.380219630323644,0.50625,1.7765109486204338,-0.023910985487246184,0.023910985487246184,0.09224943738299338,0.2882904063433883,7.95702956028033,1.0800355472241088,0.9375,0.9307492893814676,0.9645923555925897,0.9821820935984684,gaze_plus_noise_perfect,6.0
0.0,2.0,6.15003604005566,44.28621794362489,0.33125,-0.023066882636015862,-0.01469513711067022,0.01469513711067022,0.0627983713056729,0.7238101398075248,4.774746775344786,0.7644267902415549,0.725,0.9169793566904035,0.9645923555925897,0.9716245774815035,gaze_plus_noise_perfect,2.0
1.0,2.0,5.460948679448151,26.399314599746766,0.31875,0.9990335083935236,0.005741186704556367,-0.005741186704556367,0.08828251159130618,0.7205562973368215,4.33677403532241,0.7019393775993651,0.7,0.8878440338710741,0.9645923555925897,0.9806859695270121,gaze_plus_noise_perfect,3.0
2.0,2.0,5.511098371454409,32.28417616140594,0.33125,1.1477571366820314,-0.0011194575438393528,0.0011194575438393528,0.08067344423814451,0.6351428016687221,5.309611309763863,0.871596857546487,0.8,0.8658960523052629,0.9645923555925897,0.9756996730944643,gaze_plus_noise_perfect,4.0
3.0,2.0,7.009570376213048,32.89526925438153,0.40625,1.4099091224376323,-0.012143665755908417,0.012143665755908417,0.08325171851844856,0.49776075075130716,6.379502905997219,0.9912293056005165,0.85,0.8702109178422077,0.9645923555925897,0.9709445789831015,gaze_plus_noise_perfect,5.0
4.0,2.0,8.058092253125551,35.75418482255699,0.4625,1.6973109143231682,-0.008560436829359752,0.008560436829359752,0.08580922186395645,0.34727054558616477,7.294983340013125,1.0339457114850268,0.9,0.9078776192584195,0.9645923555925897,0.9763930292704088,gaze_plus_noise_perfect,6.0
5.0,2.0,9.82660623558558,41.18058376461657,0.4875,1.9713745121161992,-0.017423077333147186,0.017423077333147186,0.1033448354570499,0.21469479399601277,7.492926167225193,1.1136255759372657,0.9375,0.9047626097947643,0.9645923555925897,0.9799465408432869,gaze_plus_noise_perfect,7.0
0.0,3.0,6.260313375294551,51.937724363311425,0.35625,-0.12872822751706536,0.009818039955292068,-0.009818039955292082,0.07557254861818657,0.5033850002882309,6.101372411233076,0.9818863034687721,0.8625,0.8593718028990881,0.9645923555925897,0.983588111319493,gaze_plus_noise_perfect,3.0
1.0,3.0,5.862134575968838,34.29170687860946,0.35625,1.8373056600724809,0.012516607629593668,-0.01251660762959364,0.07291894669961646,0.5258060725977306,5.779840056157189,0.9505430580534271,0.8375,0.8495953564278291,0.9645923555925897,0.9955355393257896,gaze_plus_noise_perfect,4.0
2.0,3.0,7.0262114131868,30.500952427605686,0.39375,0.946141461605194,-0.006289297894543022,0.006289297894542981,0.08378641463466749,0.47197520878724025,6.5333098036553565,0.9950220481599517,0.8375,0.8157068875275453,0.9645923555925897,0.988121415752792,gaze_plus_noise_perfect,5.0
3.0,3.0,7.893976538423807,32.32370676459911,0.43125,1.3305192767157052,-0.00861595843418922,0.00861595843418922,0.08866127802134982,0.36278441697006536,7.015989623690109,1.006235674047067,0.90625,0.8124230753558664,0.9645923555925897,0.9746016630268937,gaze_plus_noise_perfect,6.0
4.0,3.0,9.347244567454652,40.48333263359653,0.48125,1.9499028345388822,-0.0033795245756044756,0.0033795245756044756,0.08638164377806484,0.2379485887513961,7.194443909831354,1.0255911508818354,0.9375,0.8482634395828875,0.9645923555925897,0.9772418660700889,gaze_plus_noise_perfect,7.0
5.0,3.0,9.083710558909189,35.95903372135629,0.46875,2.554028984158265,-0.008769676048806296,0.008769676048806296,0.08434459130832647,0.1293265987116143,7.413167707968128,1.061940779809479,0.94375,0.8442592682860688,0.9645923555925897,0.9832734938475404,gaze_plus_noise_perfect,8.0
0.0,4.0,7.439876937109503,34.80007496337836,0.4,0.981067765101038,-0.0017046393852077624,0.0017046393852077624,0.08473689360760595,0.32804619121972434,7.660354068142316,1.0672000265185124,0.95,0.8048865201204538,0.9645923555925897,1.0007537306752308,gaze_plus_noise_perfect,4.0
1.0,4.0,8.014774368851405,32.634647660924394,0.43125,0.22034714586843762,0.0030676199223850786,-0.003067619922385037,0.07335668839896267,0.35583733382243354,7.145989324827715,1.038923079685385,0.9,0.8205873178176566,0.9645923555925897,1.0041005626798796,gaze_plus_noise_perfect,5.0
2.0,4.0,6.881771188623901,28.44475761663843,0.36875,1.2910837219803426,0.002946775742094676,-0.0029467757420946483,0.08543553745874827,0.31992595077799435,7.248346576693144,1.0197585512810374,0.91875,0.7940125657589917,0.9645923555925897,0.9979416165638798,gaze_plus_noise_perfect,6.0
3.0,4.0,8.217577298240002,37.15426194993681,0.45,0.5267433128636583,-0.008283324750073706,0.008283324750073734,0.08631960423073036,0.23445186079851704,7.3197276967205,1.031450976682341,0.95,0.730439974816341,0.9645923555925897,0.9758870972197198,gaze_plus_noise_perfect,7.0
4.0,4.0,8.702761369703701,31.883949045703414,0.4875,2.080646189657479,-0.00495969342808833,0.00495969342808833,0.08913051317471365,0.13314004167260923,7.4479648417327216,1.028400012620339,0.9625,0.6796587161195122,0.9645923555925897,0.9671541379970716,gaze_plus_noise_perfect,8.0
5.0,4.0,9.2520103927313,37.42317418952097,0.475,2.373176349756278,0.0008734529323281559,-0.0008734529323281559,0.09616524483051803,0.04871242966160147,7.727293268983335,1.042227174588779,0.9625,0.6653772624420138,0.9645923555925897,0.975209020872411,gaze_plus_noise_perfect,9.0
0.0,5.0,7.238987937339559,30.95013920506964,0.425,0.980760912890176,-0.014443902790055418,0.014443902790055418,0.09411186188372164,0.2055579492001378,8.612297311750119,1.12075521916687,0.9875,0.6883263800133386,0.9645923555925897,1.0058558266323878,gaze_plus_noise_perfect,5.0
1.0,5.0,7.812989970554611,36.24215436354198,0.43125,1.1098917027984356,-0.0015170168956666896,0.0015170168956667174,0.0782165921057883,0.226972716521054,8.220819923159675,1.1172531260321978,0.95625,0.6834445379818166,0.9645923555925897,1.002431984393925,gaze_plus_noise_perfect,6.0
2.0,5.0,8.561429382043428,41.17755257005137,0.425,1.327703883726457,-0.0007989957018044169,0.0007989957018044447,0.0861922476948439,0.20525641758069227,8.043697013449716,1.0900729855712243,0.9625,0.6616640385112152,0.9645923555925897,0.9952863582926532,gaze_plus_noise_perfect,7.0
3.0,5.0,9.062908658190366,43.370951790585096,0.48125,1.8151381436124012,-0.020782558112764693,0.020782558112764693,0.09740676341032412,0.1388601779267939,8.180223937987735,1.0651741802083068,0.975,0.5895417998026451,0.9645923555925897,0.974488516943846,gaze_plus_noise_perfect,8.0
4.0,5.0,7.9432510138244865,39.44207541413105,0.44375,2.2394613481689447,0.0020177896622377567,-0.0020177896622377567,0.1034876537515644,0.05614784155243179,8.248045407765197,1.0278038629905604,0.975,0.4808543382091108,0.9645923555925897,0.9581932400337917,gaze_plus_noise_perfect,9.0
5.0,5.0,9.417573680486917,40.04638583529332,0.46875,1.819177267680324,0.001328972438756959,-0.001328972438756959,0.09276150658788684,-0.009589650331519862,7.803265777612812,1.059372833145647,0.975,0.4108914264155367,0.9645923555925897,0.9717632064146355,gaze_plus_noise_perfect,10.0
0.0,0.0,3.985255809587784,21.961578831955826,0.20625,-0.7143922805287133,0.020051489192971228,-0.020051489192971228,0.06023700513742877,0.9999523635766486,0.08279810673858667,0.013229756763973402,0.00625,0.9999763791147809,0.9646407340255785,0.9644196669387252,gaze_plus_mapping_error_plus_noise,0.0
1.0,0.0,4.977221274219737,22.02382514520337,0.2625,-0.06968869826884827,0.0010371831797179043,-0.0010371831797179043,0.07985074605200243,0.9416559300112454,2.5286697761969124,0.41733753742014,0.35625,0.9809849988524264,0.9646407340255785,0.9678956058437158,gaze_plus_mapping_error_plus_noise,1.0
2.0,0.0,6.535455204545485,24.482419750752747,0.35625,0.7715192049214963,0.0067592819107162305,-0.0067592819107162305,0.0763294046506364,0.8024225519001453,4.653345892268617,0.758138282582607,0.71875,0.9357510189407304,0.9646407340255785,0.958879870093584,gaze_plus_mapping_error_plus_noise,2.0
3.0,0.0,7.069023007517501,27.57174215612856,0.3875,1.3960523602316997,-0.00390179100877458,0.00390179100877458,0.07924831551342404,0.6253813563051451,6.124520836898909,0.9504369869414369,0.825,0.9221864644758989,0.9646407340255785,0.9563507350905462,gaze_plus_mapping_error_plus_noise,3.0
4.0,0.0,8.53489551607845,33.43025129988532,0.4375,0.22202504600106465,0.006380124987164337,-0.006380124987164337,0.08892512603739944,0.4437779317034755,7.281150634208307,1.052107649707596,0.89375,0.9375659462499881,0.9646407340255785,0.9735913834923836,gaze_plus_mapping_error_plus_noise,4.0
5.0,0.0,9.740329636180185,35.395384813904755,0.475,2.019783019224974,0.00017047706973294385,-0.00017047706973294385,0.11102535446555772,0.29088819618114553,7.885726758620574,1.0568975185139493,0.94375,0.9286206889445169,0.9646407340255785,0.9894620894743757,gaze_plus_mapping_error_plus_noise,5.0
0.0,1.0,4.721967620539402,17.65812638713768,0.25,0.07633534853507484,0.0025107039725330016,-0.0025107039725330016,0.07385992148609527,0.924011371899411,2.518070712085982,0.3886627691274209,0.36875,0.9839425444574572,0.9646407340255785,0.9653384233851978,gaze_plus_mapping_error_plus_noise,1.0
1.0,1.0,4.251782918672099,22.88952113449561,0.26875,0.5354341789823494,0.010706304335479422,-0.010706304335479422,0.06320455362094629,0.8834730803795393,3.41796027191286,0.5313237973252243,0.51875,0.9538793541827567,0.9646407340255785,0.9742464252390112,gaze_plus_mapping_error_plus_noise,2.0
2.0,1.0,5.2940007772002105,24.832899010299876,0.35625,0.6550636456368153,0.014944260885202565,-0.014944260885202565,0.08044671421875915,0.7575314535337394,5.122104168165329,0.8384201244507824,0.775,0.9044769862169318,0.9646407340255785,0.9740827258613622,gaze_plus_mapping_error_plus_noise,3.0
3.0,1.0,8.490498877310586,30.98137993128553,0.39375,1.4285814847708522,-0.013249818724176299,0.013249818724176299,0.08179229918819986,0.5840239143485445,6.324820418131363,0.9824587558395736,0.86875,0.8990060860588314,0.9646407340255785,0.9723944893950878,gaze_plus_mapping_error_plus_noise,4.0
4.0,1.0,7.924268823324027,38.28889615022429,0.425,0.8648758279059763,-0.0028562833558001266,0.0028562833558001266,0.10487067270331352,0.40374833768934415,7.416491799237646,1.0381352184707997,0.925,0.931120727245774,0.9646407340255785,0.9803223725949228,gaze_plus_mapping_error_plus_noise,5.0
5.0,1.0,11.737300558775637,41.48913865386715,0.54375,3.033786996693003,0.010038406154693869,-0.010038406154693869,0.09934275472715015,0.2534110916203093,8.003821404208164,1.0905995057664666,0.9375,0.9135923142923474,0.9646407340255785,0.9806933491632845,gaze_plus_mapping_error_plus_noise,6.0
0.0,2.0,7.100705620855919,27.058755802350003,0.3625,0.1702506453087409,0.0065976856866483136,-0.0065976856866483136,0.08122769792065226,0.7355149770704212,4.706150157290116,0.7544577351479995,0.7125,0.9205636278082441,0.9646407340255785,0.9704413851276643,gaze_plus_mapping_error_plus_noise,2.0
1.0,2.0,5.732633273256951,31.39303268462412,0.3125,1.1229353529014006,0.022683901874361867,-0.022683901874361867,0.08967255733005686,0.7270617109179377,4.283697925938501,0.6869395831427315,0.7,0.8892854956587177,0.9646407340255785,0.9806049325032627,gaze_plus_mapping_error_plus_noise,3.0
2.0,2.0,7.309370476390157,30.279306583478274,0.36875,1.4803905153174952,0.01664788939447842,-0.01664788939447842,0.08012180023071802,0.6312880537502314,5.408219805398368,0.8763423790960005,0.8,0.8651423168937,0.9646407340255785,0.9751847984326478,gaze_plus_mapping_error_plus_noise,4.0
3.0,2.0,7.653382114618495,31.903617717090427,0.41875,1.7151369347566572,-0.000339418213302467,0.000339418213302467,0.09110453409024064,0.4804319192566766,6.48188041082611,1.0007644328876726,0.85,0.8721882843255332,0.9646407340255785,0.9706016428278338,gaze_plus_mapping_error_plus_noise,5.0
4.0,2.0,8.401378042665641,31.719057277352306,0.45,2.8797760871606854,0.008315359151671364,-0.008315359151671364,0.09076124012588757,0.3167018497916315,7.327629735064311,1.0602456547112726,0.9125,0.9118015410933922,0.9646407340255785,0.9781051556600009,gaze_plus_mapping_error_plus_noise,6.0
5.0,2.0,11.412674059089653,35.266881665704055,0.5375,1.5912352608957576,-0.0018057780654211486,0.0018057780654211486,0.093800522184452,0.18383214529933095,7.455879124427009,1.0980994679837133,0.925,0.8812778854738357,0.9646407340255785,0.9789687843854967,gaze_plus_mapping_error_plus_noise,7.0
0.0,3.0,8.183658117072682,28.914306243275952,0.40625,1.1950543217671736,0.010164552889354528,-0.010164552889354528,0.08577426004036104,0.5170817071906341,5.973939809333788,0.9874893486728442,0.8625,0.859924340290004,0.9646407340255785,0.9819253110872157,gaze_plus_mapping_error_plus_noise,3.0
1.0,3.0,6.806295040694593,32.733884279656266,0.3875,1.4701992215964736,0.01147100970610837,-0.01147100970610837,0.08754216727633525,0.5370952965118181,5.764108789078646,0.9482920999300903,0.83125,0.8489374246903292,0.9646407340255785,0.9951444538302993,gaze_plus_mapping_error_plus_noise,4.0
2.0,3.0,7.626204269759775,37.040003062103764,0.425,1.2543364667933616,0.007590064117261153,-0.007590064117261153,0.09033671732473814,0.47324492501224874,6.551910914680244,0.9897091275422236,0.84375,0.8149675573986391,0.9646407340255785,0.9870056369403412,gaze_plus_mapping_error_plus_noise,5.0
3.0,3.0,9.911924976678478,33.26105212222893,0.49375,3.280180035433503,0.014699030531006796,-0.014699030531006796,0.07935853735595072,0.35032803387064204,7.097420765648803,1.0074655206970409,0.90625,0.8147374198259627,0.9646407340255785,0.9745526982886502,gaze_plus_mapping_error_plus_noise,6.0
4.0,3.0,10.572003544329732,35.70932157656171,0.5125,1.6572039408868662,0.02012752166689602,-0.02012752166689602,0.09536829760183105,0.21230361942773784,7.3638585639364,1.0487137229692445,0.9375,0.8502994699729275,0.9646407340255785,0.9796050013409964,gaze_plus_mapping_error_plus_noise,7.0
5.0,3.0,13.073514620426664,40.70906466053519,0.59375,3.699836724845177,0.013358230380521918,-0.013358230380521918,0.1077237856705868,0.10184434748340744,7.480582764636239,1.0375023320935368,0.95625,0.8206991459789044,0.9646407340255785,0.9815701884706651,gaze_plus_mapping_error_plus_noise,8.0
0.0,4.0,8.857072431259837,37.28204758517196,0.45625,0.8309137802915103,0.010627189130938464,-0.010627189130938464,0.08465231520636096,0.3391750201011681,7.499475478089528,1.0679816841909606,0.9375,0.806714356225885,0.9646407340255785,0.999812513627823,gaze_plus_mapping_error_plus_noise,4.0
1.0,4.0,7.951439766373539,28.29134579350543,0.4125,0.26048676855264574,0.014997950540883431,-0.014997950540883431,0.08677667528324418,0.36650092500207865,7.006607893652127,1.0320738405775796,0.89375,0.8233026860701225,0.9646407340255785,1.0035471932894475,gaze_plus_mapping_error_plus_noise,5.0
2.0,4.0,8.240783809547779,31.017697556099424,0.43125,1.584057477160428,0.01389504235590483,-0.01389504235590483,0.08922357431466227,0.32281156226417357,7.27894899503586,1.008824632011271,0.9125,0.7911586190116348,0.9646407340255785,0.9972958342602707,gaze_plus_mapping_error_plus_noise,6.0
3.0,4.0,9.462741298136812,34.77427468431745,0.48125,2.1800155452840713,0.02706471446007791,-0.02706471446007791,0.09004819115171775,0.22479878302211617,7.267472986093417,1.0349654973813318,0.94375,0.7224381484664787,0.9646407340255785,0.974061049697422,gaze_plus_mapping_error_plus_noise,7.0
4.0,4.0,8.603952688289198,27.392324424161146,0.43125,2.206024849895371,0.017501722699049704,-0.017501722699049704,0.10095687452933366,0.11270222828352906,7.400120567590869,1.0322249892933173,0.95625,0.6671733829836822,0.9646407340255785,0.9680108216603804,gaze_plus_mapping_error_plus_noise,8.0
5.0,4.0,9.815081750018479,31.100975016550645,0.49375,2.051203802202089,-0.006557183561231028,0.006557183561231028,0.0862186972555713,0.025461374373158117,7.660799160549773,1.0305618457548082,0.9625,0.6354329175000716,0.9646407340255785,0.9740386044317063,gaze_plus_mapping_error_plus_noise,9.0
0.0,5.0,9.138460915797609,32.77849135062604,0.4875,0.8157017079685147,-0.003980307716007769,0.003980307716007825,0.08511274326307477,0.21254767595126295,8.582527141291234,1.115496148315661,0.99375,0.6934848146142929,0.9646407340255785,1.005331848589499,gaze_plus_mapping_error_plus_noise,5.0
1.0,5.0,8.853062726121337,34.76297049096497,0.46875,-0.2112575842548594,0.00043640689430674007,-0.00043640689430674007,0.09298792095232011,0.23328233693197922,8.13398348595344,1.121612588777197,0.95625,0.6884722249387805,0.9646407340255785,1.002869258221524,gaze_plus_mapping_error_plus_noise,6.0
2.0,5.0,9.367612624035068,35.170410460437175,0.45625,0.5058027827918821,0.019840786430943835,-0.019840786430943835,0.10216441862319048,0.20617475841884317,7.993140241504941,1.077221699187108,0.9625,0.6632057159092877,0.9646407340255785,0.9951514202708994,gaze_plus_mapping_error_plus_noise,7.0
3.0,5.0,9.432847034996769,30.542196650351137,0.49375,1.2437184415464912,0.007840678632393128,-0.007840678632393128,0.08497936991046323,0.12993894867417352,8.265721512704898,1.0541069069381876,0.96875,0.5792483086386264,0.9646407340255785,0.9705356784096247,gaze_plus_mapping_error_plus_noise,8.0
4.0,5.0,9.789576469581888,34.69703852698924,0.49375,1.5263984734993272,0.015124719063517589,-0.015124719063517561,0.10152050453327635,0.03952571112373477,8.089433644413667,1.0176136245118725,0.9875,0.4499935113482636,0.9646407340255785,0.9581031745365493,gaze_plus_mapping_error_plus_noise,9.0
5.0,5.0,9.113302410449705,35.91441800636641,0.45625,1.7017769760478814,0.031855549700459285,-0.031855549700459285,0.10114383354107681,-0.025525030867801748,7.595643305077328,1.047903726845471,0.98125,0.403531067668723,0.9646407340255785,0.9757963869839708,gaze_plus_mapping_error_plus_noise,10.0
