scenario,baseline_label,path_label,max_orientation_error_deg,median_orientation_error_deg,max_patch_displacement_cm,mean_patch_displacement_cm
exact_distance_minus_5cm,centered,diagonal,9.947598300641403e-13,9.237055564881302e-14,1.396760791713108,0.5242463249433703
exact_distance_minus_5cm,centered,horizontal,3.126388037344441e-13,4.263256414560601e-14,1.2976727363406626,0.5262737208031419
exact_distance_minus_5cm,centered,vertical,3.126388037344441e-13,4.263256414560601e-14,1.297672736340663,0.5262737208031419
exact_distance_minus_5cm,mild_diagonal,diagonal,1.4779288903810084e-12,2.2737367544323206e-13,1.7315786719367223,0.7872600131410566
exact_distance_minus_5cm,mild_diagonal,horizontal,3.979039320256561e-13,1.1368683772161603e-13,1.59579737362638,0.7411428208810684
exact_distance_minus_5cm,mild_diagonal,vertical,9.663381206337363e-13,2.3447910280083306e-13,1.5957973736263795,0.7411428208810684
exact_distance_minus_5cm,mild_horizontal,diagonal,1.0231815394945443e-12,1.4210854715202004e-13,1.5715154610860191,0.6672566360630748
exact_distance_minus_5cm,mild_horizontal,horizontal,3.126388037344441e-13,4.263256414560601e-14,1.525296962791157,0.7056827098536128
exact_distance_minus_5cm,mild_horizontal,vertical,9.663381206337363e-13,1.1368683772161603e-13,1.3779763484396694,0.5697240487554583
exact_distance_minus_5cm,mild_vertical,diagonal,7.673861546209082e-13,1.8474111129762605e-13,1.5715154610860194,0.6672566360630748
exact_distance_minus_5cm,mild_vertical,horizontal,3.694822225952521e-13,1.1368683772161603e-13,1.3779763484396694,0.5697240487554583
exact_distance_minus_5cm,mild_vertical,vertical,3.126388037344441e-13,4.263256414560601e-14,1.5252969627911566,0.7056827098536128
exact_distance_minus_5cm,strong_diagonal,diagonal,2.0179413695586845e-12,2.4158453015843406e-13,2.078928708765837,1.0942171796630136
exact_distance_minus_5cm,strong_diagonal,horizontal,1.2221335055073723e-12,2.2737367544323206e-13,1.9145582151980693,1.0232042686009766
exact_distance_minus_5cm,strong_diagonal,vertical,1.1510792319313623e-12,2.4158453015843406e-13,1.9145582151980682,1.0232042686009766
exact_distance_minus_5cm,strong_horizontal,diagonal,1.5347723092418164e-12,1.9895196601282805e-13,1.7639321293411585,0.8541345618055803
exact_distance_minus_5cm,strong_horizontal,horizontal,7.673861546209082e-13,1.2789769243681803e-13,1.7609017682227133,0.9146559688492882
exact_distance_minus_5cm,strong_horizontal,vertical,1.0089706847793423e-12,1.6342482922482304e-13,1.490046295120418,0.690163841822398
exact_distance_plus_5cm,centered,diagonal,9.947598300641403e-13,9.237055564881302e-14,1.396760791713108,0.5242463249433704
exact_distance_plus_5cm,centered,horizontal,3.126388037344441e-13,4.263256414560601e-14,1.2976727363406633,0.5262737208031419
exact_distance_plus_5cm,centered,vertical,3.126388037344441e-13,4.263256414560601e-14,1.297672736340663,0.5262737208031419
exact_distance_plus_5cm,mild_diagonal,diagonal,1.4779288903810084e-12,2.2737367544323206e-13,1.7315786719367243,0.7872600131410566
exact_distance_plus_5cm,mild_diagonal,horizontal,3.979039320256561e-13,1.1368683772161603e-13,1.5957973736263804,0.7411428208810684
exact_distance_plus_5cm,mild_diagonal,vertical,9.663381206337363e-13,2.3447910280083306e-13,1.5957973736263806,0.7411428208810685
exact_distance_plus_5cm,mild_horizontal,diagonal,1.0231815394945443e-12,1.4210854715202004e-13,1.5715154610860205,0.6672566360630748
exact_distance_plus_5cm,mild_horizontal,horizontal,3.126388037344441e-13,4.263256414560601e-14,1.5252969627911577,0.7056827098536129
exact_distance_plus_5cm,mild_horizontal,vertical,9.663381206337363e-13,1.1368683772161603e-13,1.3779763484396703,0.5697240487554585
exact_distance_plus_5cm,mild_vertical,diagonal,7.673861546209082e-13,1.8474111129762605e-13,1.5715154610860202,0.6672566360630748
exact_distance_plus_5cm,mild_vertical,horizontal,3.694822225952521e-13,1.1368683772161603e-13,1.37797634843967,0.5697240487554583
exact_distance_plus_5cm,mild_vertical,vertical,3.126388037344441e-13,4.263256414560601e-14,1.5252969627911594,0.7056827098536128
exact_distance_plus_5cm,strong_diagonal,diagonal,2.0179413695586845e-12,2.4158453015843406e-13,2.0789287087658375,1.0942171796630138
exact_distance_plus_5cm,strong_diagonal,horizontal,1.2221335055073723e-12,2.2737367544323206e-13,1.914558215198069,1.0232042686009768
exact_distance_plus_5cm,strong_diagonal,vertical,1.1510792319313623e-12,2.4158453015843406e-13,1.9145582151980707,1.0232042686009768
exact_distance_plus_5cm,strong_horizontal,diagonal,1.5347723092418164e-12,1.9895196601282805e-13,1.7639321293411594,0.8541345618055806
exact_distance_plus_5cm,strong_horizontal,horizontal,7.673861546209082e-13,1.2789769243681803e-13,1.7609017682227133,0.9146559688492883
exact_distance_plus_5cm,strong_horizontal,vertical,1.0089706847793423e-12,1.6342482922482304e-13,1.4900462951204188,0.690163841822398
exact_true_distance,centered,diagonal,7.673861546209082e-13,1.1368683772161603e-13,1.6011864169946884e-15,1.3456584481039915e-16
exact_true_distance,centered,horizontal,3.410605131648481e-13,1.4210854715202004e-14,4.965068306494546e-16,9.526107635106733e-17
exact_true_distance,centered,vertical,3.410605131648481e-13,1.4210854715202004e-14,1.3322676295501878e-15,1.177045695807363e-16
exact_true_distance,mild_diagonal,diagonal,1.0231815394945443e-12,2.2026824808563106e-13,1.4043333874306805e-15,1.879218059876687e-16
exact_true_distance,mild_diagonal,horizontal,5.115907697472721e-13,1.0658141036401503e-13,9.930136612989092e-16,1.233380788928549e-16
exact_true_distance,mild_diagonal,vertical,1.1084466677857563e-12,3.197442310920451e-13,1.7763568394002505e-15,1.4863649337062479e-16
exact_true_distance,mild_horizontal,diagonal,1.0231815394945443e-12,1.5631940186722204e-13,1.4043333874306805e-15,1.5428279382823652e-16
exact_true_distance,mild_horizontal,horizontal,3.694822225952521e-13,1.4210854715202004e-14,9.155133597044475e-16,1.1883665667142982e-16
exact_true_distance,mild_horizontal,vertical,1.1084466677857563e-12,7.105427357601002e-14,1.3322676295501878e-15,1.1101025200722816e-16
exact_true_distance,mild_vertical,diagonal,1.2931877790833823e-12,1.7053025658242404e-13,1.4043333874306805e-15,1.7005112220569716e-16
exact_true_distance,mild_vertical,horizontal,3.410605131648481e-13,8.526512829121202e-14,6.280369834735101e-16,1.0065249473049022e-16
exact_true_distance,mild_vertical,vertical,3.410605131648481e-13,1.4210854715202004e-14,1.7763568394002505e-15,1.5925301194257981e-16
exact_true_distance,strong_diagonal,diagonal,1.9610979506978765e-12,3.197442310920451e-13,1.9860273225978185e-15,2.7002508832523175e-16
exact_true_distance,strong_diagonal,horizontal,1.4779288903810084e-12,1.9895196601282805e-13,9.930136612989092e-16,1.9736545596770523e-16
exact_true_distance,strong_diagonal,vertical,1.3500311979441904e-12,3.197442310920451e-13,1.790180836524724e-15,2.3679429438990993e-16
exact_true_distance,strong_horizontal,diagonal,1.2789769243681803e-12,1.9895196601282805e-13,1.6011864169946884e-15,1.9570819430022223e-16
exact_true_distance,strong_horizontal,horizontal,1.2505552149377763e-12,1.4210854715202004e-14,9.155133597044475e-16,1.5376623367931771e-16
exact_true_distance,strong_horizontal,vertical,1.3500311979441904e-12,1.5631940186722204e-13,1.3322676295501878e-15,1.475826442521969e-16
planar_no_correction,centered,diagonal,0.9229119444615179,0.10903318081683722,0.09927664868943044,0.010312155990471882
planar_no_correction,centered,horizontal,0.43854660110329746,0.07693723186263668,0.08202342498301125,0.010493879809529363
planar_no_correction,centered,vertical,0.8769919245786468,0.15387471738434755,0.0838784400600645,0.010662248183486248
planar_no_correction,mild_diagonal,diagonal,1.6900454468502204,0.3174764522613316,0.18491208526214817,0.027857099850378125
planar_no_correction,mild_diagonal,horizontal,0.9610553218517737,0.16381994673054834,0.14756074117161472,0.023876363257028726
planar_no_correction,mild_diagonal,vertical,1.644473222632044,0.3112835077349061,0.15243558486707356,0.024288159738895913
planar_no_correction,mild_horizontal,diagonal,1.180070190182903,0.18621533704804705,0.13871256092033163,0.018337278071989243
planar_no_correction,mild_horizontal,horizontal,0.6871782529653387,0.1733848765659758,0.13206538232478895,0.021851159325144136
planar_no_correction,mild_horizontal,vertical,1.0927717747484564,0.11083888712474277,0.09919668797723023,0.0123841528705524
planar_no_correction,mild_vertical,diagonal,1.4161600587739827,0.18581776869034172,0.14145304089491115,0.018628200361318722
planar_no_correction,mild_vertical,horizontal,0.6605343169789819,0.1091333631436271,0.09562125114273745,0.012189157980345125
planar_no_correction,mild_vertical,vertical,1.37396352320323,0.3467701787078852,0.13437318591781086,0.022145334021689826
planar_no_correction,strong_diagonal,diagonal,2.6859875410866323,0.6341704190559554,0.31127555354749187,0.06238436387334304
planar_no_correction,strong_diagonal,horizontal,1.6728704423076692,0.4371573478212625,0.24669366746597246,0.05141415848038477
planar_no_correction,strong_diagonal,vertical,2.628326056629902,0.44844446624696843,0.2558568323976993,0.052599727192488066
planar_no_correction,strong_horizontal,diagonal,1.5170046069679586,0.26373064671283686,0.19316190407838224,0.03278154208519458
planar_no_correction,strong_horizontal,horizontal,0.9929685627911056,0.30893115329963905,0.20059438130672047,0.04111539865817337
planar_no_correction,strong_horizontal,vertical,1.3161133358614308,0.2179688806748743,0.12291544866735646,0.018140626440683618
